toolbar_id,created_ts,region_id,graph_object_status,graph_object_modified_ts,graph_object_created_by,graph_object_modified_by
TB-274117,2023-09-28 14:20:01,KI-G,status 2,2024-01-26 10:40:12,Kate Bush,2023-07-08 04:18:42
TB-572867,2023-08-19 10:34:12,RU-PRI,status 3,2023-05-03 23:29:48,Adam Clayton,2024-02-08 11:46:59
TB-334009,2023-04-16 12:27:32,PG-WPD,status 2,2023-06-23 21:53:17,Cindy Laupert,2024-01-18 03:15:46
TB-751585,2024-03-02 11:54:56,AU-WA,status 3,2024-03-06 23:35:05,Cindy Laupert,2023-06-30 05:03:32
TB-980348,2023-04-16 21:02:59,TR-61,status 4,2023-11-27 12:38:10,Cindy Laupert,2024-02-01 00:37:36
TB-631933,2024-02-02 00:17:35,US-AK,status 5,2023-07-21 13:03:21,Adam Clayton,2023-06-28 14:23:38
TB-565761,2023-04-25 19:35:10,US-MT,status 5,2023-06-30 11:18:31,Kate Bush,2023-08-05 19:50:48
TB-661767,2023-04-14 08:50:54,CA-AB,status 5,2024-02-22 03:34:01,Roger Water,2024-02-23 23:34:35
TB-129852,2024-03-17 05:14:11,GY-UT,status 1,2023-05-23 12:37:49,Kate Bush,2023-12-23 03:20:17
TB-518647,2023-05-27 21:27:52,MX-MIC,status 1,2023-12-16 05:11:09,Cindy Laupert,2023-06-17 06:32:04
TB-872153,2023-07-21 19:02:12,JP-47,status 2,2023-08-02 22:30:00,Roger Water,2023-12-29 13:41:59
TB-105857,2024-03-19 03:01:45,SE-W,status 4,2023-12-23 22:54:25,Madona,2023-05-26 15:38:21
TB-124702,2024-02-18 02:30:40,US-OR,status 2,2023-05-24 10:30:47,Adam Clayton,2023-03-20 16:54:28
TB-541739,2024-02-29 05:30:20,PG-WPD,status 2,2024-02-04 15:53:52,Kate Bush,2024-01-26 04:42:18
TB-633759,2023-10-08 03:59:34,OM-MA,status 2,2023-11-04 08:54:37,Kate Bush,2023-04-16 08:31:48
TB-255940,2023-07-04 14:00:59,BR-SC,status 2,2023-03-25 21:23:02,Adam Clayton,2024-01-14 07:44:17
TB-310127,2023-11-20 18:05:54,CA-NS,status 3,2023-05-29 13:09:13,Adam Clayton,2023-07-11 00:18:49
TB-956580,2024-01-30 06:32:59,BR-BA,status 1,2024-02-08 11:01:47,Roger Water,2023-09-20 02:40:12
TB-910553,2023-06-14 10:07:00,GB-SCT,status 1,2024-01-26 14:05:29,Madona,2023-12-29 16:38:07
TB-262309,2024-01-22 16:42:40,AU-WA,status 2,2024-02-11 08:33:03,Kate Bush,2023-06-23 22:51:37
TB-785446,2023-05-05 03:58:56,BS-FP,status 4,2024-02-10 23:53:08,Kate Bush,2023-07-25 08:33:20
TB-514713,2023-03-21 01:56:58,US-IL,status 4,2024-01-08 03:07:15,Cindy Laupert,2023-04-27 03:27:53
TB-074189,2023-07-18 13:51:16,US-CA,status 4,2023-05-28 22:18:09,Madona,2023-06-29 09:29:12
TB-293133,2024-02-29 07:41:47,SD-06,status 3,2023-08-02 02:55:24,Roger Water,2023-08-31 22:22:34
TB-678867,2023-07-26 17:09:44,IT-72,status 5,2023-07-10 05:03:30,Kate Bush,2023-05-20 01:10:35
TB-382329,2024-03-11 16:25:59,ET-GA,status 2,2024-01-20 16:12:23,Cindy Laupert,2023-08-08 06:16:59
TB-507102,2023-10-14 11:44:48,AU-QLD,status 5,2023-11-01 03:03:09,Madona,2024-02-20 21:48:30
TB-052715,2023-11-19 23:39:03,BF-HOU,status 2,2023-11-03 16:52:02,Roger Water,2023-10-03 06:16:17
TB-859852,2023-11-05 10:47:40,PS-JEM,status 4,2024-02-22 23:04:46,Adam Clayton,2023-09-25 12:45:08
TB-873066,2023-05-05 15:40:53,CD-KA,status 1,2024-01-07 08:18:09,Kate Bush,2023-10-27 03:21:34
